key,issuetype,team,status,created,resolutiondate,data_implantacao,updated
PROJ-254,Story,Time Beta,resolvido,2026-02-12 05:31:53.233,2026-02-16 22:36:53.233,,2026-06-11T11:32:37
PROJ-678,Incidente,Time Beta,resolvido,2026-06-22 02:35:23.340,2026-06-23 02:35:23.340,,2026-06-22T03:35:23
PROJ-192,Story,Time Beta,resolvido,2026-01-05 17:22:05.943,2026-01-09 02:08:05.943,,2026-06-14T11:32:37
PROJ-143,Task,Time Gama,resolvido,2025-12-31 23:14:04.837,2026-01-06 02:21:04.837,,2026-06-08T11:32:37
PROJ-388,Bug,Time Gama,resolvido,2026-03-25 03:25:53.220,2026-04-01 07:24:53.220,,2026-06-15T11:32:37
PROJ-346,Story,Time Alfa,resolvido,2026-03-15 03:06:46.373,2026-03-21 06:50:46.373,,2026-06-14T11:32:37
PROJ-381,Bug,Time Beta,resolvido,2026-03-26 09:44:21.192,2026-04-02 22:45:21.192,,2026-06-14T11:32:37
PROJ-149,Task,Time Gama,resolvido,2025-12-13 15:16:45.578,2025-12-18 12:46:45.578,,2026-06-15T11:32:37
PROJ-122,Story,Time Gama,resolvido,2025-12-03 10:10:30.140,2025-12-10 04:21:30.140,,2026-06-05T11:32:37
PROJ-360,Story,Time Beta,resolvido,2026-03-28 10:27:08.721,2026-03-31 14:11:08.721,,2026-06-16T11:32:37
PROJ-120,Story,Time Alfa,aberto,2025-12-18 13:56:04.063,,,2026-04-14T11:32:37
PROJ-172,GMUD,Time Beta,resolvido,2025-12-27 02:14:18.873,2026-01-03 18:32:18.873,2026-01-05,2026-06-09T11:32:37
PROJ-158,Incidente,Time Beta,resolvido,2025-12-16 12:24:36.060,2025-12-17 05:24:36.060,,2026-06-07T11:32:37
PROJ-104,Story,Time Beta,resolvido,2025-12-29 13:00:30.716,2026-01-05 03:10:30.716,,2026-06-06T11:32:37
PROJ-279,Bug,Time Alfa,resolvido,2026-02-25 23:04:23.178,2026-03-03 03:52:23.178,,2026-06-09T11:32:37
PROJ-142,Task,Time Gama,resolvido,2025-12-10 21:05:25.798,2025-12-14 23:54:25.798,,2026-06-16T11:32:37
PROJ-162,Incidente,Time Beta,resolvido,2025-12-04 03:59:13.323,2025-12-04 14:59:13.323,,2026-06-08T11:32:37
PROJ-101,Story,Time Gama,resolvido,2025-12-25 22:49:23.786,2026-01-01 19:54:23.786,,2026-06-10T11:32:37
PROJ-289,Bug,Time Gama,resolvido,2026-02-05 03:40:17.419,2026-02-13 03:34:17.419,,2026-06-14T11:32:37
PROJ-156,Incidente,Time Gama,resolvido,2025-12-28 18:01:08.958,2025-12-29 09:01:08.958,,2026-06-11T11:32:37
PROJ-119,Story,Time Beta,resolvido,2025-12-02 06:46:47.244,2025-12-09 11:48:47.244,,2026-06-06T11:32:37
PROJ-109,Story,Time Gama,resolvido,2025-12-23 12:05:13.058,2025-12-26 23:32:13.058,,2026-06-08T11:32:37
PROJ-193,Story,Time Beta,resolvido,2026-01-14 02:14:22.217,2026-01-20 07:34:22.217,,2026-06-08T11:32:37
PROJ-337,GMUD,Time Gama,resolvido,2026-02-18 14:24:52.089,2026-02-26 16:56:52.089,2026-02-27,2026-06-14T11:32:37
PROJ-199,Bug,Time Gama,resolvido,2026-01-27 13:55:33.209,2026-01-30 14:10:33.209,,2026-06-05T11:32:37
PROJ-280,Bug,Time Beta,resolvido,2026-02-28 17:18:04.412,2026-03-03 18:28:04.412,,2026-06-03T11:32:37
PROJ-506,Incidente,Time Alfa,resolvido,2026-04-13 09:01:30.284,2026-04-14 08:01:30.284,,2026-06-05T11:32:37
PROJ-409,Incidente,Time Beta,resolvido,2026-03-24 00:07:30.702,2026-03-24 20:07:30.702,,2026-06-12T11:32:37
PROJ-125,Bug,Time Alfa,resolvido,2025-12-03 16:04:00.428,2025-12-11 02:09:00.428,,2026-06-04T11:32:37
PROJ-471,Bug,Time Beta,resolvido,2026-04-08 13:31:38.137,2026-04-13 22:04:38.137,,2026-06-11T11:32:37
PROJ-433,GMUD,Time Beta,resolvido,2026-03-06 15:43:36.463,2026-03-14 04:47:36.463,2026-03-16,2026-06-04T11:32:37
PROJ-169,GMUD,Time Beta,resolvido,2025-12-10 17:08:54.999,2025-12-17 00:52:54.999,2025-12-18,2026-06-07T11:32:37
PROJ-290,Bug,Time Gama,resolvido,2026-02-23 20:48:51.795,2026-03-03 12:21:51.795,,2026-06-14T11:32:37
PROJ-107,Story,Time Gama,resolvido,2025-12-25 03:22:37.857,2025-12-29 15:06:37.857,,2026-06-15T11:32:37
PROJ-163,GMUD,Time Alfa,resolvido,2025-12-18 19:55:55.499,2025-12-26 09:51:55.499,2025-12-28,2026-06-10T11:32:37
PROJ-544,Story,Time Gama,resolvido,2026-05-05 02:24:16.095,2026-05-11 06:20:16.095,,2026-06-07T11:32:37
PROJ-502,Incidente,Time Alfa,resolvido,2026-04-04 17:05:01.868,2026-04-05 11:05:01.868,,2026-06-15T11:32:37
PROJ-106,Story,Time Alfa,resolvido,2025-12-18 09:58:48.656,2025-12-22 13:57:48.656,,2026-06-04T11:32:37
PROJ-498,Task,Time Alfa,resolvido,2026-04-24 18:54:45.119,2026-04-29 11:25:45.119,,2026-06-08T11:32:37
PROJ-183,Story,Time Alfa,resolvido,2026-01-29 09:31:27.391,2026-02-03 18:38:27.391,,2026-06-12T11:32:37
PROJ-333,Incidente,Time Beta,aberto,2026-02-20 21:37:00.746,,,2026-03-27T11:32:37
PROJ-111,Story,Time Beta,resolvido,2025-12-17 23:28:04.610,2025-12-21 19:05:04.610,,2026-06-07T11:32:37
PROJ-529,Story,Time Alfa,resolvido,2026-05-07 20:07:12.330,2026-05-15 08:24:12.330,,2026-06-05T11:32:37
PROJ-423,Incidente,Time Alfa,resolvido,2026-03-23 10:30:26.903,2026-03-23 22:30:26.903,,2026-06-16T11:32:37
PROJ-179,Story,Time Beta,resolvido,2026-01-13 17:58:04.118,2026-01-18 01:01:04.118,,2026-06-10T11:32:37
PROJ-531,Story,Time Gama,resolvido,2026-05-27 14:22:10.715,2026-05-31 15:32:10.715,,2026-06-12T11:32:37
PROJ-503,Incidente,Time Alfa,resolvido,2026-04-13 00:39:56.034,2026-04-13 20:39:56.034,,2026-06-11T11:32:37
PROJ-392,Task,Time Alfa,resolvido,2026-03-15 03:56:41.742,2026-03-20 20:53:41.742,,2026-06-17T11:32:37
PROJ-124,Bug,Time Beta,resolvido,2025-12-24 13:54:02.641,2025-12-29 00:51:02.641,,2026-06-13T11:32:37
PROJ-227,Incidente,Time Beta,resolvido,2026-01-16 06:50:48.213,2026-01-17 04:50:48.213,,2026-06-09T11:32:37
PROJ-414,Incidente,Time Gama,resolvido,2026-03-01 06:04:55.337,2026-03-02 07:04:55.337,,2026-06-17T11:32:37
PROJ-445,Story,Time Beta,resolvido,2026-04-28 03:38:52.056,2026-05-02 21:30:52.056,,2026-06-11T11:32:37
PROJ-296,Task,Time Alfa,aberto,2026-02-15 20:58:49.647,,,2026-03-26T11:32:37
PROJ-447,Story,Time Beta,aberto,2026-04-03 00:49:39.647,,,2026-04-30T11:32:37
PROJ-448,Story,Time Gama,resolvido,2026-04-08 22:57:20.643,2026-04-12 23:29:20.643,,2026-06-03T11:32:37
PROJ-464,Story,Time Gama,resolvido,2026-04-27 07:13:23.221,2026-05-01 19:37:23.221,,2026-06-14T11:32:37
PROJ-161,Incidente,Time Alfa,aberto,2025-12-30 20:29:12.066,,,2026-06-17T11:32:37
PROJ-256,Story,Time Gama,resolvido,2026-02-16 19:44:03.125,2026-02-22 02:14:03.125,,2026-06-12T11:32:37
PROJ-426,Incidente,Time Beta,resolvido,2026-03-11 08:17:45.600,2026-03-12 05:17:45.600,,2026-06-15T11:32:37
PROJ-546,Bug,Time Gama,resolvido,2026-05-17 00:40:42.896,2026-05-21 11:40:42.896,,2026-06-14T11:32:37
PROJ-476,Bug,Time Beta,resolvido,2026-04-16 21:47:27.906,2026-04-22 15:56:27.906,,2026-06-03T11:32:37
PROJ-440,Story,Time Alfa,resolvido,2026-04-25 23:46:10.854,2026-04-29 07:34:10.854,,2026-06-06T11:32:37
PROJ-518,GMUD,Time Beta,resolvido,2026-04-03 06:53:12.276,2026-04-09 22:18:12.276,2026-04-12,2026-06-15T11:32:37
PROJ-197,Bug,Time Beta,resolvido,2026-01-19 18:33:13.354,2026-01-24 19:46:13.354,,2026-06-06T11:32:37
PROJ-477,Bug,Time Beta,resolvido,2026-04-26 07:15:57.682,2026-05-01 03:15:57.682,,2026-06-05T11:32:37
PROJ-230,Incidente,Time Alfa,aberto,2026-01-09 21:51:14.899,,,2026-06-03T11:32:37
PROJ-170,GMUD,Time Gama,resolvido,2025-12-14 11:05:00.577,2025-12-21 16:06:00.577,2025-12-21,2026-06-15T11:32:37
PROJ-361,Story,Time Alfa,resolvido,2026-03-19 06:19:09.919,2026-03-24 17:49:09.919,,2026-06-09T11:32:37
PROJ-505,Incidente,Time Alfa,resolvido,2026-04-16 16:47:24.989,2026-04-17 05:47:24.989,,2026-06-07T11:32:37
PROJ-434,GMUD,Time Alfa,resolvido,2026-03-11 10:25:05.544,2026-03-20 08:30:05.544,2026-03-24,2026-06-15T11:32:37
PROJ-263,Story,Time Beta,resolvido,2026-02-18 12:48:35.810,2026-02-21 15:35:35.810,,2026-06-17T11:32:37
PROJ-490,Task,Time Beta,resolvido,2026-04-29 11:21:26.171,2026-05-04 07:32:26.171,,2026-06-16T11:32:37
PROJ-508,Incidente,Time Beta,aberto,2026-04-14 16:07:33.962,,,2026-05-03T11:32:37
PROJ-131,Bug,Time Beta,resolvido,2025-12-18 21:17:52.558,2025-12-24 05:08:52.558,,2026-06-07T11:32:37
PROJ-203,Bug,Time Alfa,resolvido,2026-01-26 19:20:32.865,2026-01-31 20:39:32.865,,2026-06-04T11:32:37
PROJ-444,Story,Time Gama,resolvido,2026-04-23 12:11:38.494,2026-04-27 15:59:38.494,,2026-06-11T11:32:37
PROJ-303,Task,Time Gama,aberto,2026-02-09 16:25:17.013,,,2026-04-09T11:32:37
PROJ-436,GMUD,Time Beta,resolvido,2026-03-19 14:11:09.574,2026-03-25 17:02:09.574,2026-03-28,2026-06-07T11:32:37
PROJ-442,Story,Time Gama,resolvido,2026-04-09 19:23:54.392,2026-04-16 13:10:54.392,,2026-06-16T11:32:37
PROJ-331,Incidente,Time Gama,resolvido,2026-02-16 19:42:34.882,2026-02-17 09:42:34.882,,2026-06-15T11:32:37
PROJ-207,Bug,Time Alfa,aberto,2026-01-18 06:51:34.334,,,2026-06-02T11:32:37
PROJ-278,Bug,Time Beta,resolvido,2026-02-04 00:43:42.531,2026-02-09 22:03:42.531,,2026-06-11T11:32:37
PROJ-353,Story,Time Alfa,resolvido,2026-03-03 13:28:42.698,2026-03-09 07:42:42.698,,2026-06-12T11:32:37
PROJ-330,Incidente,Time Gama,resolvido,2026-02-01 18:13:29.847,2026-02-02 12:13:29.847,,2026-06-15T11:32:37
PROJ-324,Incidente,Time Gama,resolvido,2026-02-28 15:14:22.143,2026-03-01 07:14:22.143,,2026-06-09T11:32:37
PROJ-176,Story,Time Beta,aberto,2026-01-26 21:48:04.085,,,2026-06-03T11:32:37
PROJ-151,Incidente,Time Beta,resolvido,2025-12-17 04:01:37.669,2025-12-17 19:01:37.669,,2026-06-05T11:32:37
PROJ-549,Bug,Time Gama,resolvido,2026-05-03 22:37:03.449,2026-05-08 17:37:03.449,,2026-06-17T11:32:37
PROJ-435,GMUD,Time Alfa,resolvido,2026-03-17 04:42:30.200,2026-03-24 07:53:30.200,2026-03-28,2026-06-07T11:32:37
PROJ-420,Incidente,Time Gama,resolvido,2026-03-01 13:08:53.080,2026-03-02 10:08:53.080,,2026-06-14T11:32:37
PROJ-412,Incidente,Time Beta,resolvido,2026-03-29 07:48:07.704,2026-03-30 05:48:07.704,,2026-06-10T11:32:37
PROJ-184,Story,Time Gama,resolvido,2026-01-12 19:54:09.954,2026-01-17 07:43:09.954,,2026-06-13T11:32:37
PROJ-397,Task,Time Alfa,resolvido,2026-03-06 18:24:24.788,2026-03-11 09:34:24.788,,2026-06-09T11:32:37
PROJ-411,Incidente,Time Beta,resolvido,2026-03-16 05:31:27.971,2026-03-17 06:31:27.971,,2026-06-11T11:32:37
PROJ-174,Story,Time Beta,resolvido,2026-01-14 11:18:50.143,2026-01-22 05:07:50.143,,2026-06-04T11:32:37
PROJ-459,Story,Time Alfa,resolvido,2026-04-23 07:36:51.535,2026-04-28 12:28:51.535,,2026-06-05T11:32:37
PROJ-514,GMUD,Time Beta,resolvido,2026-04-11 10:23:38.068,2026-04-21 04:02:38.068,2026-04-23,2026-06-15T11:32:37
PROJ-470,Bug,Time Gama,resolvido,2026-04-16 00:25:10.296,2026-04-21 17:21:10.296,,2026-06-12T11:32:37
PROJ-190,Story,Time Beta,resolvido,2026-01-31 04:27:00.271,2026-02-05 10:28:00.271,,2026-06-06T11:32:37
PROJ-507,Incidente,Time Beta,resolvido,2026-04-10 15:14:48.181,2026-04-11 13:14:48.181,,2026-06-10T11:32:37
PROJ-489,Task,Time Gama,aberto,2026-04-03 23:31:04.199,,,2026-06-15T11:32:37
PROJ-405,Task,Time Beta,resolvido,2026-03-11 19:52:17.225,2026-03-18 09:44:17.225,,2026-06-06T11:32:37
PROJ-139,Task,Time Alfa,resolvido,2025-12-27 03:04:54.575,2025-12-31 01:25:54.575,,2026-06-04T11:32:37
PROJ-364,Story,Time Alfa,aberto,2026-03-16 11:35:59.594,,,2026-06-05T11:32:37
PROJ-532,Story,Time Gama,resolvido,2026-05-16 10:35:34.366,2026-05-20 16:40:34.366,,2026-06-06T11:32:37
PROJ-150,Task,Time Beta,resolvido,2025-12-16 14:21:24.303,2025-12-19 16:20:24.303,,2026-06-15T11:32:37
PROJ-417,Incidente,Time Alfa,resolvido,2026-03-22 10:29:31.418,2026-03-22 21:29:31.418,,2026-06-08T11:32:37
PROJ-570,Task,Time Gama,resolvido,2026-05-09 07:36:11.551,2026-05-14 13:44:11.551,,2026-06-11T11:32:37
PROJ-315,Incidente,Time Beta,aberto,2026-02-25 15:23:03.566,,,2026-05-18T11:32:37
PROJ-391,Task,Time Gama,resolvido,2026-03-13 07:28:24.614,2026-03-18 03:15:24.614,,2026-06-15T11:32:37
PROJ-577,Incidente,Time Gama,resolvido,2026-05-24 22:49:05.656,2026-05-25 10:49:05.656,,2026-06-13T11:32:37
PROJ-390,Bug,Time Beta,resolvido,2026-03-23 20:27:10.945,2026-03-29 02:51:10.945,,2026-06-15T11:32:37
PROJ-572,Task,Time Beta,resolvido,2026-05-22 20:56:10.402,2026-05-29 19:41:10.402,,2026-06-15T11:32:37
PROJ-268,Story,Time Gama,aberto,2026-02-21 10:44:21.129,,,2026-06-03T11:32:37
PROJ-607,Story,Time Gama,resolvido,2026-06-01 06:41:26.364,2026-06-08 19:01:26.364,,2026-06-14T11:32:37
PROJ-463,Story,Time Gama,aberto,2026-04-07 19:02:51.253,,,2026-06-12T11:32:37
PROJ-535,Story,Time Beta,resolvido,2026-05-22 08:07:58.414,2026-05-27 13:33:58.414,,2026-06-05T11:32:37
PROJ-148,Task,Time Alfa,resolvido,2025-12-21 15:26:12.877,2025-12-27 19:53:12.877,,2026-06-10T11:32:37
PROJ-601,GMUD,Time Beta,resolvido,2026-05-17 02:56:51.958,2026-05-23 18:22:51.958,2026-05-26,2026-06-05T11:32:37
PROJ-328,Incidente,Time Gama,resolvido,2026-02-10 16:57:19.994,2026-02-11 15:57:19.994,,2026-06-14T11:32:37
PROJ-454,Story,Time Gama,resolvido,2026-04-14 10:54:29.923,2026-04-21 19:45:29.923,,2026-06-04T11:32:37
PROJ-593,Incidente,Time Beta,resolvido,2026-05-22 10:46:51.084,2026-05-23 09:46:51.084,,2026-06-13T11:32:37
PROJ-155,Incidente,Time Alfa,resolvido,2025-12-04 13:58:08.449,2025-12-05 00:58:08.449,,2026-06-16T11:32:37
PROJ-258,Story,Time Gama,resolvido,2026-02-18 02:48:39.432,2026-02-22 11:31:39.432,,2026-06-04T11:32:37
PROJ-127,Bug,Time Gama,resolvido,2025-12-12 10:18:02.558,2025-12-19 07:48:02.558,,2026-06-04T11:32:37
PROJ-540,Story,Time Alfa,aberto,2026-05-07 22:36:26.177,,,2026-05-12T11:32:37
PROJ-494,Task,Time Alfa,resolvido,2026-04-22 13:22:47.668,2026-04-27 21:07:47.668,,2026-06-16T11:32:37
PROJ-108,Story,Time Gama,resolvido,2025-12-04 13:04:50.949,2025-12-08 13:23:50.949,,2026-06-09T11:32:37
PROJ-430,GMUD,Time Gama,resolvido,2026-03-03 20:21:41.215,2026-03-11 21:33:41.215,2026-03-14,2026-06-13T11:32:37
PROJ-612,Story,Time Gama,resolvido,2026-06-30 23:05:48.064,2026-07-06 03:32:48.064,,2026-07-01T00:05:48
PROJ-225,Incidente,Time Alfa,resolvido,2026-01-25 09:42:21.416,2026-01-25 20:42:21.416,,2026-06-08T11:32:37
PROJ-545,Story,Time Beta,resolvido,2026-05-03 06:50:49.823,2026-05-09 07:19:49.823,,2026-06-04T11:32:37
PROJ-424,Incidente,Time Gama,resolvido,2026-03-09 01:42:08.289,2026-03-09 23:42:08.289,,2026-06-17T11:32:37
PROJ-246,GMUD,Time Beta,resolvido,2026-01-10 12:21:36.147,2026-01-18 23:45:36.147,2026-01-20,2026-06-12T11:32:37
PROJ-351,Story,Time Alfa,resolvido,2026-03-22 11:38:07.545,2026-03-28 22:14:07.545,,2026-06-14T11:32:37
PROJ-253,Story,Time Alfa,resolvido,2026-02-01 20:43:35.094,2026-02-07 03:30:35.094,,2026-06-11T11:32:37
PROJ-242,GMUD,Time Gama,resolvido,2026-01-28 06:26:36.481,2026-02-03 11:39:36.481,2026-02-07,2026-06-11T11:32:37
PROJ-630,Story,Time Alfa,resolvido,2026-06-19 12:45:12.007,2026-06-24 03:09:12.007,,2026-06-19T13:45:12
PROJ-602,GMUD,Time Beta,resolvido,2026-05-19 02:00:09.804,2026-05-25 23:18:09.804,2026-05-25,2026-06-04T11:32:37
PROJ-660,Task,Time Gama,resolvido,2026-06-15 20:36:06.475,2026-06-22 18:30:06.475,,2026-06-16T11:32:37
PROJ-639,Bug,Time Beta,resolvido,2026-06-18 13:45:34.605,2026-06-23 17:23:34.605,,2026-06-18T14:45:34
PROJ-234,Incidente,Time Beta,resolvido,2026-01-21 18:47:18.997,2026-01-22 17:47:18.997,,2026-06-11T11:32:37
PROJ-336,GMUD,Time Alfa,resolvido,2026-02-14 19:59:20.135,2026-02-21 10:57:20.135,2026-02-25,2026-06-04T11:32:37
PROJ-647,Bug,Time Beta,aberto,2026-06-10 19:01:03.281,,,2026-06-15T11:32:37
PROJ-178,Story,Time Alfa,resolvido,2026-01-12 02:15:53.196,2026-01-18 13:31:53.196,,2026-06-09T11:32:37
PROJ-644,Bug,Time Beta,resolvido,2026-06-03 06:05:06.378,2026-06-09 10:27:06.378,,2026-06-16T11:32:37
PROJ-478,Bug,Time Gama,resolvido,2026-04-29 13:28:27.511,2026-05-06 03:56:27.511,,2026-06-15T11:32:37
PROJ-418,Incidente,Time Beta,resolvido,2026-03-19 00:25:53.832,2026-03-20 01:25:53.832,,2026-06-03T11:32:37
PROJ-473,Bug,Time Beta,resolvido,2026-04-27 17:11:40.637,2026-05-03 01:08:40.637,,2026-06-17T11:32:37
PROJ-380,Bug,Time Beta,resolvido,2026-03-03 03:38:31.239,2026-03-07 06:10:31.239,,2026-06-03T11:32:37
PROJ-597,GMUD,Time Beta,resolvido,2026-05-05 10:40:10.765,2026-05-13 08:29:10.765,2026-05-17,2026-06-12T11:32:37
PROJ-515,GMUD,Time Alfa,resolvido,2026-04-14 08:00:03.849,2026-04-23 00:00:03.849,2026-04-24,2026-06-06T11:32:37
PROJ-370,Story,Time Alfa,resolvido,2026-03-19 17:49:34.326,2026-03-26 22:45:34.326,,2026-06-04T11:32:37
PROJ-231,Incidente,Time Gama,resolvido,2026-01-08 16:44:24.570,2026-01-09 15:44:24.570,,2026-06-11T11:32:37
PROJ-670,Incidente,Time Gama,resolvido,2026-06-17 15:08:47.606,2026-06-18 12:08:47.606,,2026-06-17T16:08:47
PROJ-582,Incidente,Time Beta,resolvido,2026-05-27 01:53:08.894,2026-05-27 18:53:08.894,,2026-06-14T11:32:37
PROJ-467,Bug,Time Alfa,resolvido,2026-04-14 06:26:19.108,2026-04-20 09:28:19.108,,2026-06-13T11:32:37
PROJ-663,Task,Time Gama,aberto,2026-06-07 06:17:13.359,,,2026-06-07T11:32:37
PROJ-369,Story,Time Gama,resolvido,2026-03-30 05:47:13.498,2026-04-05 13:29:13.498,,2026-06-14T11:32:37
PROJ-452,Story,Time Alfa,resolvido,2026-04-21 14:02:06.651,2026-04-26 14:12:06.651,,2026-06-07T11:32:37
PROJ-537,Story,Time Beta,resolvido,2026-05-27 23:00:03.353,2026-06-03 18:45:03.353,,2026-06-06T11:32:37
PROJ-621,Story,Time Beta,aberto,2026-06-30 10:44:06.333,,,2026-06-30T11:44:06
PROJ-236,Incidente,Time Beta,aberto,2026-01-13 23:35:44.195,,,2026-04-23T11:32:37
PROJ-667,Task,Time Beta,resolvido,2026-06-03 16:38:43.244,2026-06-09 20:41:43.244,,2026-06-14T11:32:37
PROJ-189,Story,Time Gama,resolvido,2026-01-09 10:02:35.623,2026-01-14 20:52:35.623,,2026-06-05T11:32:37
PROJ-389,Bug,Time Gama,resolvido,2026-03-21 10:18:46.244,2026-03-25 17:29:46.244,,2026-06-05T11:32:37
PROJ-563,Task,Time Beta,resolvido,2026-05-10 04:36:36.474,2026-05-13 08:18:36.474,,2026-06-06T11:32:37
PROJ-491,Task,Time Gama,resolvido,2026-04-28 17:05:19.221,2026-05-03 14:31:19.221,,2026-06-07T11:32:37
PROJ-335,GMUD,Time Beta,resolvido,2026-02-21 11:57:54.552,2026-03-02 23:31:54.552,2026-03-02,2026-06-06T11:32:37
PROJ-220,Task,Time Alfa,resolvido,2026-01-31 21:22:26.363,2026-02-05 13:55:26.363,,2026-06-14T11:32:37
PROJ-128,Bug,Time Gama,aberto,2025-12-06 01:09:00.501,,,2026-04-07T11:32:37
PROJ-373,Story,Time Alfa,resolvido,2026-03-20 09:52:09.002,2026-03-24 06:05:09.002,,2026-06-05T11:32:37
PROJ-294,Task,Time Beta,resolvido,2026-02-03 08:56:37.796,2026-02-09 04:13:37.796,,2026-06-16T11:32:37
PROJ-632,Story,Time Alfa,resolvido,2026-06-26 00:57:00.076,2026-06-30 15:39:00.076,,2026-06-26T01:57:00
PROJ-492,Task,Time Beta,resolvido,2026-04-24 07:05:39.053,2026-04-28 17:55:39.053,,2026-06-11T11:32:37
PROJ-568,Task,Time Gama,resolvido,2026-05-07 14:07:13.216,2026-05-13 23:15:13.216,,2026-06-03T11:32:37
PROJ-114,Story,Time Beta,resolvido,2025-12-22 19:04:59.773,2025-12-27 01:46:59.773,,2026-06-13T11:32:37
PROJ-658,Task,Time Gama,resolvido,2026-06-09 11:21:02.091,2026-06-12 13:16:02.091,,2026-06-16T11:32:37
PROJ-116,Story,Time Gama,resolvido,2025-12-26 12:58:32.450,2026-01-01 20:16:32.450,,2026-06-09T11:32:37
PROJ-422,Incidente,Time Gama,resolvido,2026-03-27 11:37:18.461,2026-03-28 00:37:18.461,,2026-06-13T11:32:37
PROJ-626,Story,Time Alfa,resolvido,2026-06-26 21:33:43.763,2026-07-01 03:28:43.763,,2026-06-26T22:33:43
PROJ-329,Incidente,Time Alfa,resolvido,2026-02-19 14:51:32.181,2026-02-20 02:51:32.181,,2026-06-05T11:32:37
PROJ-615,Story,Time Beta,resolvido,2026-06-23 21:56:53.169,2026-06-29 23:18:53.169,,2026-06-23T22:56:53
PROJ-457,Story,Time Alfa,resolvido,2026-04-15 20:29:56.065,2026-04-21 07:18:56.065,,2026-06-09T11:32:37
PROJ-653,Bug,Time Beta,resolvido,2026-06-08 02:17:43.194,2026-06-13 11:14:43.194,,2026-06-15T11:32:37
PROJ-671,Incidente,Time Gama,resolvido,2026-06-26 20:19:36.844,2026-06-27 10:19:36.844,,2026-06-26T21:19:36
PROJ-648,Bug,Time Gama,resolvido,2026-06-09 18:03:07.098,2026-06-16 05:05:07.098,,2026-06-11T11:32:37
PROJ-488,Task,Time Alfa,resolvido,2026-04-25 12:55:10.908,2026-04-28 19:05:10.908,,2026-06-03T11:32:37
PROJ-376,Bug,Time Gama,resolvido,2026-03-17 00:04:09.488,2026-03-23 16:51:09.488,,2026-06-13T11:32:37
PROJ-277,Story,Time Beta,resolvido,2026-02-04 12:16:40.682,2026-02-10 03:40:40.682,,2026-06-11T11:32:37
PROJ-637,Bug,Time Beta,resolvido,2026-06-06 05:32:36.619,2026-06-09 18:16:36.619,,2026-06-07T11:32:37
PROJ-439,Story,Time Beta,resolvido,2026-04-22 15:19:38.845,2026-04-26 19:58:38.845,,2026-06-04T11:32:37
PROJ-694,GMUD,Time Beta,resolvido,2026-06-30 03:18:39.983,2026-07-08 05:28:39.983,2026-07-11,2026-06-30T04:18:39
PROJ-499,Task,Time Gama,resolvido,2026-04-26 15:47:30.349,2026-05-03 23:05:30.349,,2026-06-13T11:32:37
PROJ-606,Story,Time Beta,resolvido,2026-06-15 13:17:46.579,2026-06-21 22:50:46.579,,2026-06-16T11:32:37
PROJ-456,Story,Time Beta,resolvido,2026-04-14 05:27:59.876,2026-04-18 18:02:59.876,,2026-06-07T11:32:37
PROJ-191,Story,Time Alfa,resolvido,2026-01-06 00:55:51.563,2026-01-11 12:21:51.563,,2026-06-07T11:32:37
PROJ-429,GMUD,Time Alfa,resolvido,2026-03-30 23:05:29.017,2026-04-08 16:51:29.017,2026-04-11,2026-06-08T11:32:37
PROJ-682,Incidente,Time Beta,resolvido,2026-06-12 00:28:44.384,2026-06-13 01:28:44.384,,2026-06-13T11:32:37
PROJ-282,Bug,Time Beta,aberto,2026-02-15 20:38:02.998,,,2026-06-10T11:32:37
PROJ-357,Story,Time Gama,resolvido,2026-04-01 02:16:35.590,2026-04-07 06:31:35.590,,2026-06-14T11:32:37
PROJ-138,Bug,Time Alfa,resolvido,2025-12-14 15:42:53.881,2025-12-19 18:31:53.881,,2026-06-11T11:32:37
PROJ-567,Task,Time Gama,resolvido,2026-05-19 06:00:53.191,2026-05-25 00:38:53.191,,2026-06-12T11:32:37
PROJ-557,Bug,Time Alfa,aberto,2026-05-21 09:10:19.754,,,2026-06-12T11:32:37
PROJ-686,GMUD,Time Gama,resolvido,2026-06-15 13:44:36.136,2026-06-22 11:01:36.136,2026-06-24,2026-06-17T11:32:37
PROJ-334,GMUD,Time Alfa,resolvido,2026-02-19 05:33:32.043,2026-02-26 00:40:32.043,2026-02-28,2026-06-07T11:32:37
PROJ-672,Incidente,Time Gama,aberto,2026-06-18 09:54:05.247,,,2026-06-18T10:54:05
PROJ-585,Incidente,Time Beta,resolvido,2026-05-14 15:05:03.794,2026-05-15 13:05:03.794,,2026-06-06T11:32:37
PROJ-416,Incidente,Time Alfa,aberto,2026-03-01 23:29:04.218,,,2026-05-09T11:32:37
PROJ-269,Story,Time Beta,resolvido,2026-02-18 07:03:47.985,2026-02-22 04:17:47.985,,2026-06-03T11:32:37
PROJ-344,GMUD,Time Gama,aberto,2026-02-21 19:30:58.536,,,2026-06-15T11:32:37
PROJ-599,GMUD,Time Gama,resolvido,2026-05-07 00:59:53.030,2026-05-13 23:19:53.030,2026-05-13,2026-06-05T11:32:37
PROJ-525,Story,Time Alfa,resolvido,2026-05-31 02:23:24.184,2026-06-05 07:31:24.184,,2026-06-07T11:32:37
PROJ-198,Bug,Time Beta,resolvido,2026-01-23 20:58:14.650,2026-01-30 08:15:14.650,,2026-06-13T11:32:37
PROJ-451,Story,Time Alfa,resolvido,2026-04-01 18:50:12.142,2026-04-07 16:04:12.142,,2026-06-07T11:32:37
PROJ-133,Bug,Time Gama,resolvido,2025-12-09 03:57:34.204,2025-12-14 20:59:34.204,,2026-06-11T11:32:37
PROJ-427,Incidente,Time Beta,resolvido,2026-03-28 22:16:52.773,2026-03-29 22:16:52.773,,2026-06-06T11:32:37
PROJ-112,Story,Time Gama,resolvido,2025-12-06 17:37:29.913,2025-12-13 18:27:29.913,,2026-06-05T11:32:37
PROJ-550,Bug,Time Beta,resolvido,2026-05-29 21:21:58.678,2026-06-06 13:25:58.678,,2026-06-04T11:32:37
PROJ-438,Story,Time Alfa,resolvido,2026-04-15 09:21:46.907,2026-04-22 03:32:46.907,,2026-06-06T11:32:37
PROJ-622,Story,Time Beta,resolvido,2026-06-07 20:35:32.883,2026-06-13 00:39:32.883,,2026-06-14T11:32:37
PROJ-270,Story,Time Beta,aberto,2026-02-04 14:06:05.327,,,2026-06-04T11:32:37
PROJ-677,Incidente,Time Gama,resolvido,2026-06-28 10:08:04.774,2026-06-29 02:08:04.774,,2026-06-28T11:08:04
PROJ-609,Story,Time Alfa,resolvido,2026-06-25 13:31:34.196,2026-07-02 20:49:34.196,,2026-06-25T14:31:34
PROJ-211,Task,Time Alfa,resolvido,2026-01-20 21:12:25.240,2026-01-24 19:48:25.240,,2026-06-17T11:32:37
PROJ-259,Story,Time Alfa,aberto,2026-02-28 10:23:22.185,,,2026-03-26T11:32:37
PROJ-662,Task,Time Alfa,resolvido,2026-06-14 23:02:20.672,2026-06-20 18:34:20.672,,2026-06-17T11:32:37
PROJ-443,Story,Time Alfa,resolvido,2026-04-24 03:36:19.619,2026-04-29 21:00:19.619,,2026-06-17T11:32:37
PROJ-401,Task,Time Gama,resolvido,2026-03-27 22:43:17.597,2026-04-01 13:19:17.597,,2026-06-09T11:32:37
PROJ-115,Story,Time Gama,resolvido,2025-12-02 08:54:24.127,2025-12-09 09:15:24.127,,2026-06-13T11:32:37
PROJ-580,Incidente,Time Beta,aberto,2026-05-18 06:45:05.486,,,2026-06-06T11:32:37
PROJ-298,Task,Time Beta,resolvido,2026-02-09 10:43:39.781,2026-02-13 08:38:39.781,,2026-06-15T11:32:37
PROJ-643,Bug,Time Gama,resolvido,2026-06-21 05:11:44.852,2026-06-26 04:06:44.852,,2026-06-21T06:11:44
PROJ-566,Task,Time Gama,resolvido,2026-05-14 03:43:39.886,2026-05-18 18:08:39.886,,2026-06-03T11:32:37
PROJ-255,Story,Time Gama,resolvido,2026-02-05 01:03:57.156,2026-02-11 18:49:57.156,,2026-06-14T11:32:37
PROJ-181,Story,Time Alfa,resolvido,2026-01-08 05:21:15.650,2026-01-15 09:26:15.650,,2026-06-13T11:32:37
PROJ-640,Bug,Time Beta,resolvido,2026-06-12 19:26:09.755,2026-06-16 04:29:09.755,,2026-06-14T11:32:37
PROJ-321,Incidente,Time Alfa,resolvido,2026-02-20 13:31:50.013,2026-02-21 13:31:50.013,,2026-06-10T11:32:37
PROJ-228,Incidente,Time Gama,resolvido,2026-01-14 01:45:24.548,2026-01-14 21:45:24.548,,2026-06-09T11:32:37
PROJ-378,Bug,Time Alfa,resolvido,2026-03-06 13:52:30.896,2026-03-10 17:27:30.896,,2026-06-09T11:32:37
PROJ-415,Incidente,Time Alfa,resolvido,2026-03-17 05:29:08.805,2026-03-17 17:29:08.805,,2026-06-07T11:32:37
PROJ-136,Bug,Time Alfa,aberto,2025-12-14 18:26:34.526,,,2026-06-07T11:32:37
PROJ-650,Bug,Time Beta,resolvido,2026-06-30 13:27:35.824,2026-07-04 20:25:35.824,,2026-06-30T14:27:35
PROJ-310,Task,Time Beta,resolvido,2026-02-12 12:33:01.876,2026-02-20 00:50:01.876,,2026-06-14T11:32:37
PROJ-474,Bug,Time Beta,resolvido,2026-04-11 20:37:52.868,2026-04-17 03:47:52.868,,2026-06-06T11:32:37
PROJ-673,Incidente,Time Beta,resolvido,2026-06-07 09:11:05.254,2026-06-08 06:11:05.254,,2026-06-17T11:32:37
PROJ-160,Incidente,Time Alfa,resolvido,2025-12-14 05:54:18.817,2025-12-15 06:54:18.817,,2026-06-16T11:32:37
PROJ-206,Bug,Time Gama,resolvido,2026-01-25 12:15:24.444,2026-02-01 06:42:24.444,,2026-06-05T11:32:37
PROJ-654,Task,Time Alfa,resolvido,2026-06-08 20:29:45.581,2026-06-13 11:16:45.581,,2026-06-13T11:32:37
PROJ-466,Bug,Time Alfa,resolvido,2026-04-23 17:15:42.366,2026-05-01 14:13:42.366,,2026-06-16T11:32:37
PROJ-431,GMUD,Time Alfa,resolvido,2026-03-07 12:50:10.697,2026-03-13 10:04:10.697,2026-03-14,2026-06-08T11:32:37
PROJ-134,Bug,Time Gama,resolvido,2025-12-07 05:22:56.206,2025-12-13 11:15:56.206,,2026-06-17T11:32:37
PROJ-592,Incidente,Time Gama,resolvido,2026-05-18 15:14:45.273,2026-05-19 05:14:45.273,,2026-06-17T11:32:37
PROJ-413,Incidente,Time Beta,resolvido,2026-03-06 14:21:25.949,2026-03-07 12:21:25.949,,2026-06-11T11:32:37
PROJ-208,Bug,Time Gama,resolvido,2026-01-27 07:04:10.970,2026-02-01 19:06:10.970,,2026-06-13T11:32:37
PROJ-664,Task,Time Beta,resolvido,2026-06-18 03:48:06.123,2026-06-26 02:37:06.123,,2026-06-18T04:48:06
PROJ-317,Incidente,Time Gama,resolvido,2026-02-12 09:10:32.458,2026-02-12 23:10:32.458,,2026-06-09T11:32:37
PROJ-437,GMUD,Time Beta,resolvido,2026-03-25 03:50:13.146,2026-03-30 21:08:13.146,2026-04-02,2026-06-07T11:32:37
PROJ-221,Task,Time Beta,aberto,2026-01-10 09:07:34.438,,,2026-06-08T11:32:37
PROJ-624,Story,Time Gama,resolvido,2026-06-11 06:17:17.649,2026-06-16 02:45:17.649,,2026-06-13T11:32:37
PROJ-512,Incidente,Time Alfa,resolvido,2026-04-30 02:21:55.397,2026-04-30 19:21:55.397,,2026-06-13T11:32:37
PROJ-608,Story,Time Gama,resolvido,2026-06-08 06:13:12.081,2026-06-12 00:04:12.081,,2026-06-14T11:32:37
PROJ-180,Story,Time Alfa,resolvido,2026-01-16 07:27:06.945,2026-01-24 05:32:06.945,,2026-06-05T11:32:37
PROJ-501,Incidente,Time Alfa,resolvido,2026-04-05 03:03:47.394,2026-04-06 01:03:47.394,,2026-06-16T11:32:37
PROJ-355,Story,Time Alfa,resolvido,2026-03-21 19:16:10.745,2026-03-27 05:03:10.745,,2026-06-04T11:32:37
PROJ-462,Story,Time Alfa,resolvido,2026-04-30 01:08:07.736,2026-05-04 03:41:07.736,,2026-06-05T11:32:37
PROJ-617,Story,Time Beta,resolvido,2026-06-10 13:10:05.403,2026-06-16 17:01:05.403,,2026-06-14T11:32:37
PROJ-312,Task,Time Gama,resolvido,2026-02-14 09:52:08.492,2026-02-22 06:41:08.492,,2026-06-11T11:32:37
PROJ-479,Bug,Time Gama,resolvido,2026-04-30 23:28:03.325,2026-05-06 23:04:03.325,,2026-06-05T11:32:37
PROJ-168,GMUD,Time Alfa,aberto,2025-12-22 09:40:26.925,,,2026-04-05T11:32:37
PROJ-652,Bug,Time Beta,resolvido,2026-06-20 00:24:18.327,2026-06-24 17:50:18.327,,2026-06-20T01:24:18
PROJ-241,GMUD,Time Gama,resolvido,2026-01-08 13:39:17.361,2026-01-15 19:34:17.361,2026-01-15,2026-06-15T11:32:37
PROJ-666,Task,Time Gama,resolvido,2026-06-20 09:57:49.990,2026-06-25 08:08:49.990,,2026-06-20T10:57:49
PROJ-692,GMUD,Time Beta,resolvido,2026-06-04 11:00:30.863,2026-06-10 07:21:30.863,2026-06-14,2026-06-10T11:32:37
PROJ-233,Incidente,Time Beta,resolvido,2026-01-12 05:23:18.509,2026-01-12 18:23:18.509,,2026-06-04T11:32:37
PROJ-144,Task,Time Beta,resolvido,2025-12-19 20:48:22.722,2025-12-24 00:07:22.722,,2026-06-04T11:32:37
PROJ-625,Story,Time Beta,resolvido,2026-06-24 00:16:02.365,2026-06-27 13:51:02.365,,2026-06-24T01:16:02
PROJ-327,Incidente,Time Beta,resolvido,2026-02-22 03:30:26.874,2026-02-23 03:30:26.874,,2026-06-11T11:32:37
PROJ-519,GMUD,Time Alfa,resolvido,2026-04-12 00:45:00.007,2026-04-17 20:50:00.007,2026-04-17,2026-06-09T11:32:37
PROJ-618,Story,Time Gama,resolvido,2026-06-29 13:41:44.039,2026-07-07 10:04:44.039,,2026-06-29T14:41:44
PROJ-154,Incidente,Time Beta,resolvido,2025-12-09 14:42:48.600,2025-12-10 09:42:48.600,,2026-06-12T11:32:37
PROJ-365,Story,Time Gama,resolvido,2026-03-25 18:02:57.058,2026-03-30 10:31:57.058,,2026-06-13T11:32:37
PROJ-349,Story,Time Alfa,resolvido,2026-03-12 07:11:08.605,2026-03-19 01:15:08.605,,2026-06-14T11:32:37
PROJ-141,Task,Time Gama,resolvido,2025-12-28 22:50:56.031,2026-01-01 23:14:56.031,,2026-06-13T11:32:37
PROJ-581,Incidente,Time Alfa,resolvido,2026-05-18 00:28:12.207,2026-05-18 17:28:12.207,,2026-06-10T11:32:37
PROJ-185,Story,Time Gama,aberto,2026-01-07 12:04:11.827,,,2026-06-03T11:32:37
PROJ-196,Bug,Time Gama,aberto,2026-01-10 02:53:48.896,,,2026-06-15T11:32:37
PROJ-620,Story,Time Gama,resolvido,2026-06-01 05:32:06.124,2026-06-05 13:02:06.124,,2026-06-04T11:32:37
PROJ-645,Bug,Time Gama,resolvido,2026-06-18 15:51:17.390,2026-06-22 11:26:17.390,,2026-06-18T16:51:17
PROJ-600,GMUD,Time Beta,resolvido,2026-05-31 23:52:02.140,2026-06-08 00:28:02.140,2026-06-12,2026-06-08T11:32:37
PROJ-302,Task,Time Alfa,resolvido,2026-02-10 09:53:45.047,2026-02-14 21:35:45.047,,2026-06-03T11:32:37
PROJ-145,Task,Time Alfa,resolvido,2025-12-15 05:19:25.568,2025-12-21 15:15:25.568,,2026-06-07T11:32:37
PROJ-186,Story,Time Alfa,resolvido,2026-01-31 18:38:44.196,2026-02-07 01:33:44.196,,2026-06-03T11:32:37
PROJ-460,Story,Time Alfa,resolvido,2026-04-04 10:04:17.093,2026-04-09 23:58:17.093,,2026-06-03T11:32:37
PROJ-487,Task,Time Beta,resolvido,2026-04-21 07:34:34.392,2026-04-28 10:15:34.392,,2026-06-10T11:32:37
PROJ-252,Story,Time Gama,resolvido,2026-02-03 20:46:57.660,2026-02-09 23:19:57.660,,2026-06-07T11:32:37
PROJ-354,Story,Time Beta,resolvido,2026-03-29 07:52:47.993,2026-04-03 16:03:47.993,,2026-06-15T11:32:37
PROJ-126,Bug,Time Alfa,resolvido,2025-12-11 14:30:36.350,2025-12-15 13:01:36.350,,2026-06-16T11:32:37
PROJ-384,Bug,Time Alfa,aberto,2026-03-08 15:08:49.856,,,2026-06-10T11:32:37
PROJ-446,Story,Time Gama,resolvido,2026-04-25 21:11:03.174,2026-05-02 13:47:03.174,,2026-06-09T11:32:37
PROJ-576,Incidente,Time Gama,resolvido,2026-05-12 16:45:35.186,2026-05-13 13:45:35.186,,2026-06-17T11:32:37
PROJ-110,Story,Time Beta,resolvido,2025-12-30 15:54:07.621,2026-01-05 01:21:07.621,,2026-06-16T11:32:37
PROJ-175,Story,Time Alfa,resolvido,2026-01-11 00:26:32.295,2026-01-16 03:39:32.295,,2026-06-12T11:32:37
PROJ-188,Story,Time Beta,resolvido,2026-01-22 18:21:27.443,2026-01-28 19:30:27.443,,2026-06-05T11:32:37
PROJ-284,Bug,Time Beta,aberto,2026-02-10 16:41:31.662,,,2026-06-12T11:32:37
PROJ-308,Task,Time Alfa,resolvido,2026-02-27 10:04:49.505,2026-03-03 21:00:49.505,,2026-06-07T11:32:37
PROJ-542,Story,Time Alfa,resolvido,2026-05-18 04:34:49.579,2026-05-21 08:04:49.579,,2026-06-06T11:32:37
PROJ-217,Task,Time Beta,aberto,2026-01-15 00:20:24.716,,,2026-03-26T11:32:37
PROJ-159,Incidente,Time Alfa,resolvido,2025-12-19 12:51:25.002,2025-12-20 08:51:25.002,,2026-06-13T11:32:37
PROJ-295,Task,Time Gama,resolvido,2026-02-27 22:44:07.618,2026-03-04 05:09:07.618,,2026-06-07T11:32:37
PROJ-475,Bug,Time Alfa,aberto,2026-04-19 11:50:39.241,,,2026-05-13T11:32:37
PROJ-449,Story,Time Alfa,resolvido,2026-04-25 22:46:55.160,2026-05-02 09:16:55.160,,2026-06-11T11:32:37
PROJ-458,Story,Time Beta,resolvido,2026-04-18 04:00:15.898,2026-04-23 07:09:15.898,,2026-06-13T11:32:37
PROJ-579,Incidente,Time Alfa,resolvido,2026-05-09 00:43:08.908,2026-05-10 02:43:08.908,,2026-06-15T11:32:37
PROJ-387,Bug,Time Beta,aberto,2026-03-04 18:10:02.169,,,2026-05-27T11:32:37
PROJ-248,GMUD,Time Gama,resolvido,2026-01-27 05:16:55.496,2026-02-03 17:09:55.496,2026-02-05,2026-06-11T11:32:37
PROJ-586,Incidente,Time Alfa,resolvido,2026-05-15 21:22:19.033,2026-05-16 10:22:19.033,,2026-06-17T11:32:37
PROJ-495,Task,Time Gama,resolvido,2026-04-06 07:01:18.306,2026-04-11 10:05:18.306,,2026-06-17T11:32:37
PROJ-450,Story,Time Alfa,resolvido,2026-04-01 05:29:35.736,2026-04-06 20:47:35.736,,2026-06-12T11:32:37
PROJ-153,Incidente,Time Beta,resolvido,2025-12-22 09:21:15.019,2025-12-23 07:21:15.019,,2026-06-09T11:32:37
PROJ-432,GMUD,Time Beta,resolvido,2026-03-16 18:25:25.688,2026-03-23 00:39:25.688,2026-03-24,2026-06-14T11:32:37
PROJ-693,GMUD,Time Beta,resolvido,2026-06-13 23:06:02.044,2026-06-20 07:31:02.044,2026-06-20,2026-06-15T11:32:37
PROJ-486,Task,Time Beta,resolvido,2026-04-13 04:36:58.078,2026-04-18 12:43:58.078,,2026-06-15T11:32:37
PROJ-171,GMUD,Time Alfa,aberto,2025-12-21 15:37:35.534,,,2026-06-17T11:32:37
PROJ-590,Incidente,Time Alfa,resolvido,2026-05-09 20:53:49.539,2026-05-10 17:53:49.539,,2026-06-06T11:32:37
PROJ-299,Task,Time Alfa,resolvido,2026-02-07 22:16:01.826,2026-02-15 12:48:01.826,,2026-06-05T11:32:37
PROJ-684,Incidente,Time Gama,resolvido,2026-06-11 02:10:53.945,2026-06-11 15:10:53.945,,2026-06-14T11:32:37
PROJ-288,Bug,Time Alfa,resolvido,2026-02-01 20:03:40.043,2026-02-07 23:37:40.043,,2026-06-14T11:32:37
PROJ-394,Task,Time Alfa,resolvido,2026-03-04 15:38:50.690,2026-03-12 07:21:50.690,,2026-06-05T11:32:37
PROJ-105,Story,Time Alfa,resolvido,2025-12-29 05:52:52.327,2026-01-04 10:25:52.327,,2026-06-14T11:32:37
PROJ-260,Story,Time Beta,resolvido,2026-02-23 06:07:19.236,2026-02-27 14:33:19.236,,2026-06-16T11:32:37
PROJ-461,Story,Time Gama,resolvido,2026-04-05 05:56:13.400,2026-04-12 23:13:13.400,,2026-06-10T11:32:37
PROJ-402,Task,Time Beta,aberto,2026-03-10 15:15:56.294,,,2026-04-28T11:32:37
PROJ-573,Task,Time Gama,resolvido,2026-05-27 21:30:04.228,2026-06-02 16:20:04.228,,2026-06-07T11:32:37
PROJ-558,Bug,Time Beta,resolvido,2026-05-25 22:13:02.936,2026-06-01 17:13:02.936,,2026-06-12T11:32:37
PROJ-574,Task,Time Gama,resolvido,2026-05-18 23:02:54.680,2026-05-24 10:10:54.680,,2026-06-16T11:32:37
PROJ-261,Story,Time Beta,aberto,2026-02-08 15:37:15.652,,,2026-06-14T11:32:37
PROJ-468,Bug,Time Alfa,resolvido,2026-04-25 10:20:01.420,2026-05-01 23:23:01.420,,2026-06-05T11:32:37
PROJ-485,Task,Time Alfa,resolvido,2026-04-08 18:43:39.303,2026-04-14 23:13:39.303,,2026-06-09T11:32:37
PROJ-469,Bug,Time Beta,resolvido,2026-04-16 11:28:49.562,2026-04-20 17:00:49.562,,2026-06-15T11:32:37
PROJ-339,GMUD,Time Alfa,resolvido,2026-02-26 17:00:23.890,2026-03-06 21:08:23.890,2026-03-06,2026-06-06T11:32:37
PROJ-375,Bug,Time Beta,resolvido,2026-03-10 15:51:45.404,2026-03-15 17:07:45.404,,2026-06-12T11:32:37
PROJ-209,Bug,Time Beta,resolvido,2026-01-16 15:39:13.171,2026-01-21 16:21:13.171,,2026-06-07T11:32:37
PROJ-386,Bug,Time Gama,resolvido,2026-03-07 21:11:35.212,2026-03-12 12:36:35.212,,2026-06-04T11:32:37
PROJ-465,Story,Time Gama,resolvido,2026-04-17 22:58:33.481,2026-04-23 09:19:33.481,,2026-06-09T11:32:37
PROJ-195,Story,Time Gama,resolvido,2026-01-17 15:01:54.786,2026-01-23 00:40:54.786,,2026-06-16T11:32:37
PROJ-511,Incidente,Time Beta,resolvido,2026-04-02 21:09:56.412,2026-04-03 12:09:56.412,,2026-06-06T11:32:37
PROJ-603,GMUD,Time Alfa,resolvido,2026-05-16 20:14:56.740,2026-05-26 19:55:56.740,2026-05-26,2026-06-07T11:32:37
PROJ-200,Bug,Time Alfa,resolvido,2026-01-24 00:09:01.802,2026-01-28 09:32:01.802,,2026-06-16T11:32:37
PROJ-194,Story,Time Beta,resolvido,2026-01-30 23:41:35.362,2026-02-06 18:17:35.362,,2026-06-06T11:32:37
PROJ-631,Story,Time Gama,resolvido,2026-06-17 06:04:03.257,2026-06-22 11:15:03.257,,2026-06-17T11:32:37
PROJ-472,Bug,Time Gama,resolvido,2026-04-21 15:23:30.588,2026-04-27 22:36:30.588,,2026-06-04T11:32:37
PROJ-598,GMUD,Time Gama,resolvido,2026-05-05 01:22:42.803,2026-05-14 16:19:42.803,2026-05-16,2026-06-15T11:32:37
PROJ-173,Story,Time Alfa,resolvido,2026-01-17 03:28:54.328,2026-01-23 08:23:54.328,,2026-06-15T11:32:37
PROJ-689,GMUD,Time Beta,resolvido,2026-06-25 18:31:56.775,2026-07-04 02:57:56.775,2026-07-05,2026-06-25T19:31:56
PROJ-301,Task,Time Beta,resolvido,2026-02-12 23:22:50.473,2026-02-17 11:31:50.473,,2026-06-17T11:32:37
PROJ-130,Bug,Time Alfa,resolvido,2025-12-31 02:38:21.534,2026-01-07 06:24:21.534,,2026-06-05T11:32:37
PROJ-338,GMUD,Time Alfa,resolvido,2026-02-15 11:40:14.791,2026-02-22 02:43:14.791,2026-02-26,2026-06-09T11:32:37
PROJ-135,Bug,Time Alfa,resolvido,2025-12-26 00:03:12.156,2025-12-29 14:03:12.156,,2026-06-07T11:32:37
PROJ-214,Task,Time Alfa,resolvido,2026-01-12 20:07:41.265,2026-01-17 18:51:41.265,,2026-06-11T11:32:37
PROJ-399,Task,Time Gama,resolvido,2026-03-21 15:40:05.147,2026-03-28 13:03:05.147,,2026-06-15T11:32:37
PROJ-129,Bug,Time Alfa,resolvido,2025-12-12 23:06:51.766,2025-12-17 10:00:51.766,,2026-06-12T11:32:37
PROJ-212,Task,Time Beta,resolvido,2026-01-26 07:19:30.026,2026-01-30 01:42:30.026,,2026-06-04T11:32:37
PROJ-201,Bug,Time Beta,resolvido,2026-01-30 22:59:46.993,2026-02-06 18:57:46.993,,2026-06-05T11:32:37
PROJ-564,Task,Time Gama,resolvido,2026-05-23 05:44:55.833,2026-05-31 02:56:55.833,,2026-06-06T11:32:37
PROJ-480,Bug,Time Beta,resolvido,2026-04-11 02:05:47.794,2026-04-17 04:54:47.794,,2026-06-14T11:32:37
PROJ-685,GMUD,Time Beta,resolvido,2026-06-29 10:47:08.251,2026-07-05 15:46:08.251,2026-07-07,2026-06-29T11:47:08
PROJ-366,Story,Time Beta,resolvido,2026-03-29 06:28:36.720,2026-04-05 07:59:36.720,,2026-06-12T11:32:37
PROJ-377,Bug,Time Gama,resolvido,2026-03-18 16:05:56.446,2026-03-24 05:04:56.446,,2026-06-05T11:32:37
PROJ-318,Incidente,Time Beta,resolvido,2026-02-22 21:09:13.926,2026-02-23 09:09:13.926,,2026-06-17T11:32:37
PROJ-250,GMUD,Time Alfa,resolvido,2026-01-07 20:11:45.436,2026-01-13 21:44:45.436,2026-01-15,2026-06-03T11:32:37
PROJ-616,Story,Time Beta,aberto,2026-06-15 13:04:37.834,,,2026-06-16T11:32:37
PROJ-536,Story,Time Gama,resolvido,2026-05-21 16:07:25.632,2026-05-25 22:18:25.632,,2026-06-05T11:32:37
PROJ-561,Task,Time Beta,resolvido,2026-05-20 03:24:59.486,2026-05-26 12:20:59.486,,2026-06-07T11:32:37
PROJ-240,Incidente,Time Beta,resolvido,2026-01-09 06:43:43.045,2026-01-10 02:43:43.045,,2026-06-11T11:32:37
PROJ-205,Bug,Time Beta,resolvido,2026-01-04 03:29:21.782,2026-01-10 21:24:21.782,,2026-06-14T11:32:37
PROJ-379,Bug,Time Beta,aberto,2026-03-18 11:23:24.322,,,2026-05-19T11:32:37
PROJ-484,Task,Time Beta,resolvido,2026-04-28 07:13:22.499,2026-05-04 22:47:22.499,,2026-06-15T11:32:37
PROJ-249,GMUD,Time Gama,resolvido,2026-01-18 04:28:08.291,2026-01-26 10:31:08.291,2026-01-27,2026-06-10T11:32:37
PROJ-455,Story,Time Alfa,aberto,2026-04-12 18:13:06.188,,,2026-06-09T11:32:37
PROJ-166,GMUD,Time Gama,aberto,2025-12-12 17:48:27.800,,,2026-06-17T11:32:37
PROJ-679,Incidente,Time Beta,resolvido,2026-06-17 08:18:21.995,2026-06-17 19:18:21.995,,2026-06-17T11:32:37
PROJ-204,Bug,Time Gama,resolvido,2026-01-16 10:45:04.594,2026-01-22 23:46:04.594,,2026-06-11T11:32:37
PROJ-628,Story,Time Beta,resolvido,2026-06-04 14:48:37.399,2026-06-12 10:21:37.399,,2026-06-07T11:32:37
PROJ-613,Story,Time Alfa,resolvido,2026-06-19 12:34:08.693,2026-06-27 03:23:08.693,,2026-06-19T13:34:08
PROJ-410,Incidente,Time Beta,resolvido,2026-03-17 07:39:33.781,2026-03-18 08:39:33.781,,2026-06-05T11:32:37
PROJ-591,Incidente,Time Alfa,resolvido,2026-05-09 10:53:08.688,2026-05-09 21:53:08.688,,2026-06-05T11:32:37
PROJ-165,GMUD,Time Gama,resolvido,2025-12-19 02:06:23.076,2025-12-24 19:47:23.076,2025-12-28,2026-06-14T11:32:37
PROJ-657,Task,Time Beta,aberto,2026-06-12 19:11:39.874,,,2026-06-13T11:32:37
PROJ-500,Task,Time Gama,resolvido,2026-04-04 05:13:10.517,2026-04-11 00:50:10.517,,2026-06-10T11:32:37
PROJ-526,Story,Time Gama,resolvido,2026-05-15 22:37:46.348,2026-05-19 17:20:46.348,,2026-06-06T11:32:37
PROJ-132,Bug,Time Alfa,resolvido,2025-12-21 00:54:21.002,2025-12-26 16:10:21.002,,2026-06-05T11:32:37
PROJ-453,Story,Time Beta,resolvido,2026-04-14 13:41:10.967,2026-04-21 00:59:10.967,,2026-06-08T11:32:37
PROJ-345,GMUD,Time Gama,resolvido,2026-02-08 17:30:56.608,2026-02-17 12:45:56.608,2026-02-18,2026-06-04T11:32:37
PROJ-368,Story,Time Gama,resolvido,2026-03-20 04:15:42.452,2026-03-25 19:19:42.452,,2026-06-03T11:32:37
PROJ-553,Bug,Time Alfa,resolvido,2026-05-12 20:24:07.058,2026-05-17 14:31:07.058,,2026-06-16T11:32:37
PROJ-527,Story,Time Alfa,aberto,2026-05-03 17:12:16.946,,,2026-06-15T11:32:37
PROJ-371,Story,Time Gama,resolvido,2026-03-08 00:31:56.261,2026-03-14 00:29:56.261,,2026-06-03T11:32:37
PROJ-425,Incidente,Time Gama,resolvido,2026-03-10 19:31:16.737,2026-03-11 18:31:16.737,,2026-06-03T11:32:37
PROJ-687,GMUD,Time Beta,resolvido,2026-06-17 11:32:25.284,2026-06-23 07:14:25.284,2026-06-23,2026-06-17T11:32:37
PROJ-202,Bug,Time Gama,resolvido,2026-01-12 14:52:24.800,2026-01-19 06:21:24.800,,2026-06-05T11:32:37
PROJ-358,Story,Time Beta,resolvido,2026-03-10 12:20:55.446,2026-03-16 06:37:55.446,,2026-06-10T11:32:37
PROJ-216,Task,Time Gama,resolvido,2026-01-29 04:27:07.923,2026-02-03 02:47:07.923,,2026-06-12T11:32:37
PROJ-146,Task,Time Gama,aberto,2025-12-04 00:51:58.689,,,2026-03-19T11:32:37
PROJ-562,Task,Time Alfa,resolvido,2026-05-03 10:11:17.620,2026-05-10 10:26:17.620,,2026-06-17T11:32:37
PROJ-239,Incidente,Time Gama,resolvido,2026-01-04 07:51:30.200,2026-01-04 21:51:30.200,,2026-06-08T11:32:37
PROJ-665,Task,Time Alfa,resolvido,2026-06-14 21:37:04.446,2026-06-18 01:00:04.446,,2026-06-16T11:32:37
PROJ-314,Incidente,Time Beta,resolvido,2026-02-07 18:06:19.458,2026-02-08 19:06:19.458,,2026-06-17T11:32:37
PROJ-587,Incidente,Time Gama,resolvido,2026-05-29 07:30:02.691,2026-05-29 21:30:02.691,,2026-06-13T11:32:37
PROJ-611,Story,Time Beta,resolvido,2026-06-15 15:10:18.518,2026-06-19 08:11:18.518,,2026-06-17T11:32:37
PROJ-428,GMUD,Time Beta,resolvido,2026-03-23 03:05:18.121,2026-03-30 05:50:18.121,2026-04-02,2026-06-15T11:32:37
PROJ-493,Task,Time Gama,resolvido,2026-04-16 02:04:26.690,2026-04-21 08:03:26.690,,2026-06-17T11:32:37
PROJ-661,Task,Time Alfa,aberto,2026-06-02 09:28:40.970,,,2026-06-03T11:32:37
PROJ-118,Story,Time Beta,resolvido,2025-12-24 04:31:13.647,2025-12-28 07:28:13.647,,2026-06-13T11:32:37
PROJ-223,Task,Time Beta,resolvido,2026-01-09 15:11:38.456,2026-01-16 06:23:38.456,,2026-06-05T11:32:37
PROJ-633,Story,Time Beta,resolvido,2026-06-14 15:48:28.462,2026-06-20 08:22:28.462,,2026-06-15T11:32:37
PROJ-408,Incidente,Time Gama,resolvido,2026-03-07 20:50:04.324,2026-03-08 17:50:04.324,,2026-06-13T11:32:37
PROJ-363,Story,Time Gama,resolvido,2026-03-26 19:29:07.595,2026-04-01 09:25:07.595,,2026-06-13T11:32:37
PROJ-213,Task,Time Alfa,aberto,2026-01-24 18:30:39.318,,,2026-04-09T11:32:37
PROJ-265,Story,Time Gama,resolvido,2026-02-22 14:58:55.707,2026-02-26 13:33:55.707,,2026-06-05T11:32:37
PROJ-604,GMUD,Time Gama,resolvido,2026-05-05 07:03:14.733,2026-05-12 18:07:14.733,2026-05-13,2026-06-16T11:32:37
PROJ-121,Story,Time Beta,resolvido,2025-12-14 00:17:10.568,2025-12-17 09:11:10.568,,2026-06-17T11:32:37
PROJ-307,Task,Time Gama,resolvido,2026-02-25 01:45:41.422,2026-03-03 19:55:41.422,,2026-06-12T11:32:37
PROJ-367,Story,Time Beta,aberto,2026-03-05 00:01:30.609,,,2026-04-23T11:32:37
PROJ-304,Task,Time Beta,resolvido,2026-02-14 17:54:14.028,2026-02-19 06:20:14.028,,2026-06-04T11:32:37
PROJ-668,Task,Time Alfa,aberto,2026-06-22 15:30:39.789,,,2026-06-22T16:30:39
PROJ-421,Incidente,Time Gama,resolvido,2026-03-06 21:25:30.581,2026-03-07 18:25:30.581,,2026-06-07T11:32:37
PROJ-137,Bug,Time Gama,resolvido,2025-12-20 05:38:39.575,2025-12-26 02:36:39.575,,2026-06-12T11:32:37
PROJ-441,Story,Time Beta,resolvido,2026-04-23 17:05:29.050,2026-04-27 11:12:29.050,,2026-06-05T11:32:37
PROJ-226,Incidente,Time Alfa,resolvido,2026-01-22 06:31:47.192,2026-01-23 02:31:47.192,,2026-06-04T11:32:37
PROJ-516,GMUD,Time Beta,resolvido,2026-04-05 10:41:01.285,2026-04-13 16:48:01.285,2026-04-15,2026-06-17T11:32:37
PROJ-147,Task,Time Gama,resolvido,2025-12-21 15:57:07.805,2025-12-27 15:32:07.805,,2026-06-11T11:32:37
PROJ-690,GMUD,Time Beta,aberto,2026-06-23 20:10:13.116,,,2026-06-23T21:10:13
PROJ-343,GMUD,Time Beta,resolvido,2026-02-18 09:46:38.617,2026-02-24 22:55:38.617,2026-02-26,2026-06-08T11:32:37
PROJ-565,Task,Time Gama,resolvido,2026-05-19 17:56:11.554,2026-05-23 18:06:11.554,,2026-06-14T11:32:37
PROJ-583,Incidente,Time Gama,resolvido,2026-05-05 07:33:26.713,2026-05-06 06:33:26.713,,2026-06-09T11:32:37
PROJ-406,Task,Time Gama,resolvido,2026-03-08 17:57:42.092,2026-03-15 15:54:42.092,,2026-06-15T11:32:37
PROJ-215,Task,Time Beta,resolvido,2026-01-04 05:36:19.571,2026-01-11 02:25:19.571,,2026-06-06T11:32:37
PROJ-244,GMUD,Time Alfa,resolvido,2026-01-22 20:26:15.244,2026-01-31 10:17:15.244,2026-02-03,2026-06-07T11:32:37
PROJ-404,Task,Time Alfa,resolvido,2026-03-28 15:13:23.393,2026-04-04 11:47:23.393,,2026-06-17T11:32:37
PROJ-182,Story,Time Gama,resolvido,2026-01-17 20:17:00.753,2026-01-21 00:26:00.753,,2026-06-05T11:32:37
PROJ-528,Story,Time Gama,resolvido,2026-05-20 15:31:31.683,2026-05-28 04:30:31.683,,2026-06-04T11:32:37
PROJ-322,Incidente,Time Gama,resolvido,2026-02-23 08:20:47.123,2026-02-24 09:20:47.123,,2026-06-13T11:32:37
PROJ-341,GMUD,Time Gama,resolvido,2026-02-14 03:40:56.939,2026-02-22 08:57:56.939,2026-02-26,2026-06-06T11:32:37
PROJ-383,Bug,Time Beta,resolvido,2026-03-06 06:03:27.310,2026-03-10 07:24:27.310,,2026-06-11T11:32:37
PROJ-403,Task,Time Alfa,resolvido,2026-03-31 07:16:03.072,2026-04-05 20:00:03.072,,2026-06-11T11:32:37
PROJ-286,Bug,Time Beta,resolvido,2026-02-20 09:09:10.522,2026-02-26 20:36:10.522,,2026-06-09T11:32:37
PROJ-187,Story,Time Gama,aberto,2026-01-23 11:56:46.492,,,2026-06-05T11:32:37
PROJ-504,Incidente,Time Beta,aberto,2026-04-30 07:09:48.595,,,2026-05-07T11:32:37
PROJ-497,Task,Time Beta,resolvido,2026-04-10 17:48:54.430,2026-04-14 07:55:54.430,,2026-06-17T11:32:37
PROJ-102,Story,Time Alfa,resolvido,2025-12-02 18:12:09.769,2025-12-07 15:31:09.769,,2026-06-14T11:32:37
PROJ-243,GMUD,Time Alfa,resolvido,2026-01-07 01:34:52.735,2026-01-13 07:40:52.735,2026-01-16,2026-06-14T11:32:37
PROJ-293,Bug,Time Gama,resolvido,2026-02-17 04:07:25.399,2026-02-21 06:12:25.399,,2026-06-07T11:32:37
PROJ-347,Story,Time Alfa,resolvido,2026-03-22 04:38:08.009,2026-03-25 12:02:08.009,,2026-06-13T11:32:37
PROJ-538,Story,Time Alfa,resolvido,2026-05-22 05:34:47.190,2026-05-27 03:48:47.190,,2026-06-15T11:32:37
PROJ-210,Task,Time Beta,resolvido,2026-01-31 18:37:14.375,2026-02-05 14:24:14.375,,2026-06-04T11:32:37
PROJ-419,Incidente,Time Gama,resolvido,2026-03-17 18:10:37.113,2026-03-18 06:10:37.113,,2026-06-08T11:32:37
PROJ-238,Incidente,Time Beta,resolvido,2026-01-31 03:42:25.023,2026-02-01 05:42:25.023,,2026-06-16T11:32:37
PROJ-594,GMUD,Time Beta,resolvido,2026-05-08 02:44:52.142,2026-05-16 12:39:52.142,2026-05-17,2026-06-11T11:32:37
PROJ-483,Task,Time Alfa,resolvido,2026-04-05 03:11:56.007,2026-04-12 23:21:56.007,,2026-06-17T11:32:37
PROJ-569,Task,Time Alfa,resolvido,2026-05-21 09:19:53.996,2026-05-28 02:09:53.996,,2026-06-08T11:32:37
PROJ-245,GMUD,Time Alfa,resolvido,2026-01-24 23:53:52.922,2026-02-02 02:02:52.922,2026-02-03,2026-06-17T11:32:37
PROJ-642,Bug,Time Gama,resolvido,2026-06-04 14:45:23.152,2026-06-10 10:55:23.152,,2026-06-14T11:32:37
PROJ-113,Story,Time Gama,resolvido,2025-12-29 10:02:07.226,2026-01-01 21:39:07.226,,2026-06-15T11:32:37
PROJ-659,Task,Time Gama,resolvido,2026-06-01 03:51:00.320,2026-06-06 01:51:00.320,,2026-06-03T11:32:37
PROJ-382,Bug,Time Gama,resolvido,2026-03-27 09:13:28.584,2026-04-03 04:04:28.584,,2026-06-15T11:32:37
PROJ-292,Bug,Time Gama,resolvido,2026-02-18 22:49:05.365,2026-02-22 12:31:05.365,,2026-06-07T11:32:37
PROJ-274,Story,Time Gama,resolvido,2026-02-27 18:09:58.179,2026-03-06 21:37:58.179,,2026-06-13T11:32:37
PROJ-482,Task,Time Gama,resolvido,2026-04-02 08:29:42.991,2026-04-09 12:53:42.991,,2026-06-17T11:32:37
PROJ-513,Incidente,Time Beta,resolvido,2026-04-02 07:46:50.701,2026-04-02 21:46:50.701,,2026-06-03T11:32:37
PROJ-552,Bug,Time Beta,resolvido,2026-05-26 11:54:18.311,2026-06-02 17:37:18.311,,2026-06-13T11:32:37
PROJ-559,Bug,Time Gama,resolvido,2026-05-26 00:18:43.496,2026-05-31 21:50:43.496,,2026-06-15T11:32:37
PROJ-655,Task,Time Alfa,resolvido,2026-06-14 08:39:54.754,2026-06-19 17:36:54.754,,2026-06-14T11:32:37
PROJ-398,Task,Time Alfa,resolvido,2026-03-04 16:11:29.437,2026-03-10 05:37:29.437,,2026-06-15T11:32:37
PROJ-520,GMUD,Time Beta,resolvido,2026-04-23 15:02:52.018,2026-05-03 14:33:52.018,2026-05-05,2026-06-17T11:32:37
PROJ-548,Bug,Time Alfa,resolvido,2026-05-07 23:53:05.127,2026-05-11 21:33:05.127,,2026-06-03T11:32:37
PROJ-669,Task,Time Beta,resolvido,2026-06-12 18:22:02.286,2026-06-17 07:53:02.286,,2026-06-17T11:32:37
PROJ-247,GMUD,Time Beta,resolvido,2026-01-17 04:28:20.995,2026-01-22 21:26:20.995,2026-01-23,2026-06-09T11:32:37
PROJ-683,Incidente,Time Gama,resolvido,2026-06-17 05:38:12.060,2026-06-18 01:38:12.060,,2026-06-17T06:38:12
PROJ-237,Incidente,Time Alfa,resolvido,2026-01-01 23:04:24.270,2026-01-02 11:04:24.270,,2026-06-03T11:32:37
PROJ-276,Story,Time Alfa,resolvido,2026-02-27 09:34:44.431,2026-03-05 23:35:44.431,,2026-06-10T11:32:37
PROJ-271,Story,Time Beta,resolvido,2026-02-21 22:37:05.301,2026-02-28 09:05:05.301,,2026-06-16T11:32:37
PROJ-588,Incidente,Time Alfa,resolvido,2026-05-10 06:45:45.936,2026-05-11 00:45:45.936,,2026-06-15T11:32:37
PROJ-320,Incidente,Time Beta,resolvido,2026-02-18 04:18:25.642,2026-02-19 03:18:25.642,,2026-06-08T11:32:37
PROJ-641,Bug,Time Beta,resolvido,2026-06-02 23:43:31.746,2026-06-09 02:30:31.746,,2026-06-14T11:32:37
PROJ-547,Bug,Time Gama,resolvido,2026-05-08 13:52:22.797,2026-05-13 07:57:22.797,,2026-06-12T11:32:37
PROJ-272,Story,Time Gama,resolvido,2026-02-26 09:19:13.711,2026-03-01 17:41:13.711,,2026-06-11T11:32:37
PROJ-496,Task,Time Beta,resolvido,2026-04-11 08:30:04.453,2026-04-18 06:21:04.453,,2026-06-15T11:32:37
PROJ-300,Task,Time Beta,resolvido,2026-02-22 12:38:33.100,2026-02-27 01:01:33.100,,2026-06-10T11:32:37
PROJ-560,Task,Time Gama,resolvido,2026-05-02 07:22:32.221,2026-05-07 08:30:32.221,,2026-06-03T11:32:37
PROJ-517,GMUD,Time Alfa,resolvido,2026-04-02 12:03:52.226,2026-04-11 10:01:52.226,2026-04-15,2026-06-08T11:32:37
PROJ-509,Incidente,Time Beta,resolvido,2026-04-12 07:10:00.538,2026-04-13 03:10:00.538,,2026-06-16T11:32:37
PROJ-222,Task,Time Gama,resolvido,2026-01-20 09:03:47.194,2026-01-23 13:36:47.194,,2026-06-12T11:32:37
PROJ-651,Bug,Time Gama,resolvido,2026-06-04 21:19:56.118,2026-06-08 17:22:56.118,,2026-06-09T11:32:37
PROJ-362,Story,Time Gama,resolvido,2026-03-08 08:19:08.214,2026-03-14 03:43:08.214,,2026-06-15T11:32:37
PROJ-614,Story,Time Beta,resolvido,2026-06-15 09:10:24.595,2026-06-19 08:18:24.595,,2026-06-17T11:32:37
PROJ-164,GMUD,Time Beta,resolvido,2025-12-27 14:24:18.224,2026-01-04 05:07:18.224,2026-01-05,2026-06-06T11:32:37
PROJ-283,Bug,Time Alfa,aberto,2026-02-18 21:12:31.893,,,2026-06-14T11:32:37
PROJ-218,Task,Time Alfa,resolvido,2026-01-14 11:21:57.780,2026-01-19 07:17:57.780,,2026-06-06T11:32:37
PROJ-674,Incidente,Time Gama,resolvido,2026-06-06 01:29:57.620,2026-06-06 19:29:57.620,,2026-06-16T11:32:37
PROJ-530,Story,Time Alfa,resolvido,2026-05-08 14:01:26.274,2026-05-12 14:39:26.274,,2026-06-11T11:32:37
PROJ-510,Incidente,Time Beta,resolvido,2026-04-13 17:41:12.037,2026-04-14 06:41:12.037,,2026-06-08T11:32:37
PROJ-396,Task,Time Gama,resolvido,2026-03-10 09:56:02.645,2026-03-16 13:08:02.645,,2026-06-14T11:32:37
PROJ-157,Incidente,Time Alfa,resolvido,2025-12-17 02:46:49.050,2025-12-18 02:46:49.050,,2026-06-03T11:32:37
PROJ-680,Incidente,Time Gama,aberto,2026-06-27 05:32:59.839,,,2026-06-27T06:32:59
PROJ-578,Incidente,Time Gama,resolvido,2026-05-17 09:18:00.519,2026-05-17 22:18:00.519,,2026-06-15T11:32:37
PROJ-595,GMUD,Time Gama,aberto,2026-05-08 05:51:16.018,,,2026-06-03T11:32:37
PROJ-681,Incidente,Time Beta,aberto,2026-06-02 11:41:58.097,,,2026-06-14T11:32:37
PROJ-393,Task,Time Gama,resolvido,2026-03-07 07:31:19.836,2026-03-11 19:08:19.836,,2026-06-15T11:32:37
PROJ-523,Story,Time Alfa,resolvido,2026-05-29 01:45:09.981,2026-06-01 13:03:09.981,,2026-06-04T11:32:37
PROJ-638,Bug,Time Beta,aberto,2026-06-22 08:49:43.222,,,2026-06-22T09:49:43
PROJ-152,Incidente,Time Gama,resolvido,2025-12-08 09:25:58.395,2025-12-09 08:25:58.395,,2026-06-15T11:32:37
PROJ-235,Incidente,Time Gama,resolvido,2026-01-31 06:58:32.129,2026-02-01 06:58:32.129,,2026-06-07T11:32:37
PROJ-555,Bug,Time Alfa,resolvido,2026-05-18 00:57:19.759,2026-05-24 09:39:19.759,,2026-06-09T11:32:37
PROJ-634,Bug,Time Beta,resolvido,2026-06-29 21:12:31.224,2026-07-07 07:49:31.224,,2026-06-29T22:12:31
PROJ-219,Task,Time Beta,resolvido,2026-01-17 02:50:35.099,2026-01-20 03:06:35.099,,2026-06-14T11:32:37
PROJ-619,Story,Time Alfa,resolvido,2026-06-28 14:12:39.526,2026-07-05 21:46:39.526,,2026-06-28T15:12:39
PROJ-554,Bug,Time Gama,resolvido,2026-05-28 07:46:44.365,2026-06-03 19:55:44.365,,2026-06-09T11:32:37
PROJ-533,Story,Time Alfa,resolvido,2026-05-07 15:18:23.606,2026-05-11 21:12:23.606,,2026-06-14T11:32:37
PROJ-551,Bug,Time Gama,resolvido,2026-05-12 14:42:46.317,2026-05-17 20:37:46.317,,2026-06-07T11:32:37
PROJ-167,GMUD,Time Alfa,resolvido,2025-12-04 23:39:39.245,2025-12-14 02:49:39.245,2025-12-16,2026-06-06T11:32:37
PROJ-649,Bug,Time Alfa,resolvido,2026-06-15 17:34:43.196,2026-06-20 05:11:43.196,,2026-06-16T11:32:37
PROJ-325,Incidente,Time Beta,resolvido,2026-02-08 08:06:11.016,2026-02-09 02:06:11.016,,2026-06-11T11:32:37
PROJ-584,Incidente,Time Alfa,aberto,2026-05-07 17:31:21.301,,,2026-06-16T11:32:37
PROJ-297,Task,Time Alfa,resolvido,2026-02-10 21:44:47.468,2026-02-18 10:06:47.468,,2026-06-14T11:32:37
PROJ-534,Story,Time Alfa,aberto,2026-05-02 12:51:59.244,,,2026-05-09T11:32:37
PROJ-117,Story,Time Gama,resolvido,2025-12-06 20:17:58.027,2025-12-13 01:29:58.027,,2026-06-08T11:32:37
PROJ-103,Story,Time Beta,resolvido,2025-12-13 07:34:07.477,2025-12-18 14:48:07.477,,2026-06-12T11:32:37
PROJ-543,Story,Time Gama,resolvido,2026-05-28 02:18:36.213,2026-05-31 02:53:36.213,,2026-06-10T11:32:37
PROJ-539,Story,Time Alfa,resolvido,2026-05-09 23:28:52.806,2026-05-17 18:02:52.806,,2026-06-14T11:32:37
PROJ-140,Task,Time Alfa,resolvido,2025-12-15 16:13:07.801,2025-12-22 08:49:07.801,,2026-06-16T11:32:37
PROJ-305,Task,Time Beta,resolvido,2026-02-18 03:51:43.339,2026-02-25 18:28:43.339,,2026-06-05T11:32:37
PROJ-251,Story,Time Alfa,resolvido,2026-02-26 19:29:25.183,2026-03-03 11:59:25.183,,2026-06-07T11:32:37
PROJ-306,Task,Time Gama,resolvido,2026-02-28 01:41:04.635,2026-03-05 18:50:04.635,,2026-06-17T11:32:37
PROJ-524,Story,Time Alfa,resolvido,2026-05-20 23:31:55.981,2026-05-25 17:54:55.981,,2026-06-17T11:32:37
PROJ-232,Incidente,Time Gama,resolvido,2026-01-26 12:37:48.960,2026-01-27 11:37:48.960,,2026-06-11T11:32:37
PROJ-646,Bug,Time Alfa,resolvido,2026-06-12 00:30:12.260,2026-06-16 12:01:12.260,,2026-06-17T11:32:37
PROJ-123,Story,Time Alfa,resolvido,2025-12-31 03:00:51.340,2026-01-04 17:42:51.340,,2026-06-12T11:32:37
PROJ-266,Story,Time Alfa,resolvido,2026-02-09 08:52:52.643,2026-02-14 23:07:52.643,,2026-06-14T11:32:37
PROJ-224,Task,Time Beta,resolvido,2026-01-20 16:52:14.808,2026-01-27 21:14:14.808,,2026-06-03T11:32:37
PROJ-571,Task,Time Alfa,resolvido,2026-05-03 14:13:10.736,2026-05-07 20:50:10.736,,2026-06-17T11:32:37
PROJ-229,Incidente,Time Beta,resolvido,2026-01-16 20:34:07.671,2026-01-17 20:34:07.671,,2026-06-07T11:32:37
PROJ-273,Story,Time Beta,resolvido,2026-02-14 19:42:21.254,2026-02-22 12:23:21.254,,2026-06-13T11:32:37
PROJ-635,Bug,Time Beta,resolvido,2026-06-05 03:48:11.236,2026-06-09 18:53:11.236,,2026-06-15T11:32:37
PROJ-319,Incidente,Time Gama,resolvido,2026-02-06 17:01:06.989,2026-02-07 08:01:06.989,,2026-06-13T11:32:37
PROJ-629,Story,Time Alfa,resolvido,2026-06-16 18:37:16.021,2026-06-22 22:31:16.021,,2026-06-16T19:37:16
PROJ-385,Bug,Time Beta,resolvido,2026-03-09 04:13:15.570,2026-03-13 09:04:15.570,,2026-06-17T11:32:37
PROJ-395,Task,Time Beta,aberto,2026-03-31 11:53:13.327,,,2026-06-13T11:32:37
PROJ-691,GMUD,Time Gama,resolvido,2026-06-30 18:55:57.252,2026-07-07 23:17:57.252,2026-07-10,2026-06-30T19:55:57
PROJ-267,Story,Time Gama,resolvido,2026-02-06 22:04:07.220,2026-02-14 03:53:07.220,,2026-06-06T11:32:37
PROJ-311,Task,Time Alfa,resolvido,2026-02-13 04:26:55.108,2026-02-16 13:56:55.108,,2026-06-12T11:32:37
PROJ-589,Incidente,Time Beta,resolvido,2026-05-02 15:52:08.907,2026-05-03 10:52:08.907,,2026-06-16T11:32:37
PROJ-372,Story,Time Beta,resolvido,2026-03-05 21:29:50.906,2026-03-12 04:29:50.906,,2026-06-15T11:32:37
PROJ-281,Bug,Time Alfa,resolvido,2026-02-04 22:15:51.628,2026-02-10 21:23:51.628,,2026-06-12T11:32:37
PROJ-596,GMUD,Time Gama,resolvido,2026-05-11 11:15:43.741,2026-05-19 04:09:43.741,2026-05-23,2026-06-11T11:32:37
PROJ-275,Story,Time Gama,resolvido,2026-02-14 19:38:11.305,2026-02-22 09:45:11.305,,2026-06-15T11:32:37
PROJ-636,Bug,Time Beta,resolvido,2026-06-07 20:02:55.349,2026-06-15 18:56:55.349,,2026-06-13T11:32:37
PROJ-262,Story,Time Gama,resolvido,2026-02-06 07:06:08.661,2026-02-11 01:24:08.661,,2026-06-09T11:32:37
PROJ-374,Story,Time Gama,resolvido,2026-03-16 09:44:36.533,2026-03-20 14:22:36.533,,2026-06-13T11:32:37
PROJ-656,Task,Time Gama,resolvido,2026-06-15 12:16:47.013,2026-06-22 02:50:47.013,,2026-06-17T11:32:37
PROJ-675,Incidente,Time Beta,resolvido,2026-06-30 01:28:42.924,2026-07-01 03:28:42.924,,2026-06-30T02:28:42
PROJ-316,Incidente,Time Beta,resolvido,2026-02-02 06:59:56.557,2026-02-02 23:59:56.557,,2026-06-17T11:32:37
PROJ-688,GMUD,Time Alfa,resolvido,2026-06-26 06:52:25.734,2026-07-06 06:16:25.734,2026-07-09,2026-06-26T07:52:25
PROJ-610,Story,Time Gama,resolvido,2026-06-11 15:48:56.042,2026-06-18 08:21:56.042,,2026-06-15T11:32:37
PROJ-541,Story,Time Alfa,resolvido,2026-05-12 12:51:06.682,2026-05-16 21:19:06.682,,2026-06-14T11:32:37
PROJ-313,Incidente,Time Alfa,resolvido,2026-02-07 02:07:28.781,2026-02-08 01:07:28.781,,2026-06-15T11:32:37
PROJ-356,Story,Time Gama,resolvido,2026-03-25 15:16:34.463,2026-03-31 13:43:34.463,,2026-06-08T11:32:37
PROJ-352,Story,Time Gama,resolvido,2026-03-27 15:48:14.652,2026-03-30 16:09:14.652,,2026-06-16T11:32:37
PROJ-326,Incidente,Time Beta,resolvido,2026-02-10 15:07:11.111,2026-02-11 16:07:11.111,,2026-06-04T11:32:37
PROJ-521,GMUD,Time Beta,resolvido,2026-04-22 22:31:56.276,2026-04-29 21:01:56.276,2026-05-03,2026-06-04T11:32:37
PROJ-605,Story,Time Beta,resolvido,2026-06-25 11:04:37.875,2026-06-30 17:57:37.875,,2026-06-25T12:04:37
PROJ-332,Incidente,Time Gama,resolvido,2026-02-04 12:53:30.376,2026-02-05 02:53:30.376,,2026-06-17T11:32:37
PROJ-309,Task,Time Beta,resolvido,2026-02-28 22:25:26.663,2026-03-05 13:32:26.663,,2026-06-12T11:32:37
PROJ-342,GMUD,Time Alfa,aberto,2026-02-10 01:11:54.486,,,2026-06-03T11:32:37
PROJ-340,GMUD,Time Beta,resolvido,2026-02-09 01:34:56.867,2026-02-14 10:45:56.867,2026-02-17,2026-06-11T11:32:37
PROJ-285,Bug,Time Alfa,resolvido,2026-02-05 03:30:40.290,2026-02-09 15:18:40.290,,2026-06-14T11:32:37
PROJ-556,Bug,Time Gama,resolvido,2026-05-14 04:31:23.377,2026-05-21 07:08:23.377,,2026-06-09T11:32:37
PROJ-359,Story,Time Alfa,resolvido,2026-03-14 07:06:36.133,2026-03-19 23:32:36.133,,2026-06-15T11:32:37
PROJ-348,Story,Time Beta,resolvido,2026-03-11 02:42:20.605,2026-03-16 18:22:20.605,,2026-06-05T11:32:37
PROJ-481,Bug,Time Beta,resolvido,2026-04-30 17:35:39.190,2026-05-05 23:58:39.190,,2026-06-16T11:32:37
PROJ-676,Incidente,Time Beta,resolvido,2026-06-28 15:57:39.196,2026-06-29 07:57:39.196,,2026-06-28T16:57:39
PROJ-287,Bug,Time Alfa,resolvido,2026-02-10 23:06:16.013,2026-02-15 09:36:16.013,,2026-06-17T11:32:37
PROJ-627,Story,Time Beta,resolvido,2026-06-13 12:43:33.830,2026-06-18 15:03:33.830,,2026-06-16T11:32:37
PROJ-350,Story,Time Alfa,resolvido,2026-03-14 21:21:30.133,2026-03-19 06:38:30.133,,2026-06-14T11:32:37
PROJ-400,Task,Time Gama,resolvido,2026-03-30 15:06:53.715,2026-04-05 12:11:53.715,,2026-06-14T11:32:37
PROJ-623,Story,Time Alfa,resolvido,2026-06-29 03:26:44.072,2026-07-04 11:59:44.072,,2026-06-29T04:26:44
PROJ-257,Story,Time Gama,resolvido,2026-02-13 07:19:53.440,2026-02-20 05:08:53.440,,2026-06-08T11:32:37
PROJ-291,Bug,Time Alfa,resolvido,2026-02-14 10:54:13.547,2026-02-18 23:59:13.547,,2026-06-13T11:32:37
PROJ-575,Task,Time Beta,resolvido,2026-05-08 03:38:17.755,2026-05-11 09:30:17.755,,2026-06-05T11:32:37
PROJ-264,Story,Time Alfa,resolvido,2026-02-11 04:18:03.294,2026-02-15 17:48:03.294,,2026-06-16T11:32:37
PROJ-522,GMUD,Time Beta,resolvido,2026-04-23 13:59:35.199,2026-05-01 12:42:35.199,2026-05-02,2026-06-07T11:32:37
PROJ-407,Task,Time Alfa,aberto,2026-03-09 18:57:59.142,,,2026-05-19T11:32:37
PROJ-323,Incidente,Time Alfa,resolvido,2026-02-11 13:13:53.778,2026-02-12 09:13:53.778,,2026-06-07T11:32:37
PROJ-177,Story,Time Alfa,resolvido,2026-01-12 19:24:23.576,2026-01-17 19:41:23.576,,2026-06-11T11:32:37
